rating_avg,finalist
,Doctor Who: The Runaway (2019) - IMDb
,
,
,
,
,
,
,
,
,
,Seth Meyers: Lobby Baby (2019) - IMDb
,
,Patton Oswalt: I Love Everything (2020) - IMDb
,
,
,
,
,
,
,
,
,
,
,
,
,
,
,
,
,
,
,
,
,
,
,
,
,
,
,
,
,
,
,
,
,
,
,
,
,
,
,
,
,
,
,
,
,
,
,
,
,
,
,
,
,
,
,
,
,
,
,
,
,
,
,
,
,
,
,
,
,
,
,
,
,
,
,
,
,
,
,
,
,
,
,
,
,
,
,
,
,
,
,
,
,
,
,
,
,
,
,
,
,
,
,
,
,
,
,
,
,
,
,
,
,
,
,
,
,
,
,
,
,
,
,
,
,
,
,
,
,
,
,
,
,
,
,
,
,
,
,
,
,
,
,
,
,
,
,
,
,
,
,
,
,
,
,
,
,
,
,
,
,
,
,
,
,
,
,
,
,
,
,
,
,
,
,
,
,
,
,
,
,
,
,
,
,
,
,
,
,
,
,
,
,
,
,
,
,
,
,
,
,
,
,
,
,
,
,
,
,
,
,
,
,
,
,
,
,
,
,
,
,
,
,
,
,
,
,
,
,
,
,
,
,
,
,
,
,
,
,
,
,
,
,
,
,
,
,
,
,
,
,
,
,
,
,
,
,
,
,
,
,
,
,
,
,
,
,
,
,
,
,
,
,
,
,
,
,
,
,
,
,
,
,
,
,
,
,
,
,
,
,
,
,
,
,
,
,
,
,
,
,
,
,
,
,
,
,
,
,
,
,
,
,
,
,
,
,
,
,
,
,
,
,
,
,
,
,
,
,
,
,
,
,
,
,
,
,
,
,
,
,
,
,
,
,
,
,
,
,
,
,
,
,
,
,
,
,
,
,
,
,
,
,
,
,
,
,
,
,
,
,
,
,
,
,
,
,
,
,
,
,Circus of Books (2019) - IMDb
,American Music Awards 2019 (2019) - IMDb
,The Rookie (TV Series 2018– ) - IMDb
,Don't F**k with Cats: Hunting an Internet Killer (TV Mini-Series 2019) - IMDb
,
,
,
,Late Night with Seth Meyers (TV Series 2014– ) - IMDb
,
,
,
,
,
,
,
,
,
,
,
,
,
,
,
,
,
,
,
,
,
,
,
,
,
,
,
,
,
,
,
,
,
,
,
,
,
,
,
,
,
,
,
,
,
,
,
,
,
,
,
,
,
,
,
,
,
,
,
,
,
,
,
,
,
,
,
,
,
,
,
,
,
,
,
,
,
,
,
,
,
,
,
,
,
,
,
,
,
,
,
,
,
,
,
,
,
,
,
,
,
,
,
,
,
,
,
,
,
,
,
,The Blacklist (TV Series 2013– ) - IMDb
,S.W.A.T. (TV Series 2017– ) - IMDb
,
,
,
,
,
,
,
,
,
,
,
,
,
,
,
,
,
,
,
,
,
,
,
,
,
,
,
,
,
,
,
,
,
,
,
,
,
,
,
,
,
,
,
,
,
,
,
,
,
,
,
,
,
,
,
,
,
,
,
,Henry Danger (TV Series 2014–2020) - IMDb
,Brooklyn Nine-Nine (TV Series 2013– ) - IMDb
,Ballers (TV Series 2015–2019) - IMDb
,Shameless (TV Series 2011– ) - IMDb
,Lost in Space (TV Series 2018– ) - IMDb
,Catherine the Great (TV Series 2019) - IMDb
,Tom Clancy's Jack Ryan (TV Series 2018– ) - IMDb
,Vikings (TV Series 2013– ) - IMDb
,The Randy Rainbow Show (TV Series 2009– ) - IMDb
,Between Two Ferns: The Movie (2019) - IMDb
,Silicon Valley (TV Series 2014–2019) - IMDb
,The Boys (TV Series 2019– ) - IMDb
,Carpool Karaoke (TV Series 2017– ) - IMDb
,"Pose: Identity, Family, Community (TV Mini-Series 2018–2019) - IMDb"
,The Good Place Presents: The Selection (TV Mini-Series 2019) - IMDb
,Star Trek: Short Treks (TV Series 2018– ) - IMDb
,Reno 911! (TV Series 2003– ) - IMDb
,Better Call Saul: Ethics Training with Kim Wexler (TV Mini-Series 2020) - IMDb
,Steven Universe (TV Series 2013–2020) - IMDb
,Forky Asks a Question (TV Series 2019– ) - IMDb
,Most Dangerous Game (TV Series 2020– ) - IMDb
,Robot Chicken (TV Series 2005– ) - IMDb
,At Home with Amy Sedaris (TV Series 2017– ) - IMDb
,Space Force (TV Series 2020– ) - IMDb
,The Black Godfather (2019) - IMDb
,Wu-Tang: An American Saga (TV Series 2019– ) - IMDb
,Star Trek: Picard (TV Series 2020– ) - IMDb
,GLOW (TV Series 2017–2019) - IMDb
,Deadliest Catch (TV Series 2005– ) - IMDb
,Pose (TV Series 2018– ) - IMDb
,American Horror Story (TV Series 2011– ) - IMDb
,The Elephant Queen (2018) - IMDb
,Let's Go Crazy: The Grammy Salute to Prince (2020) - IMDb
,Black Patriots (TV Short 2020) - IMDb
,The Imagineering Story (TV Mini-Series 2019) - IMDb
,Seven Worlds One Planet (TV Mini-Series 2019) - IMDb
,Home (TV Series 2020– ) - IMDb
,One Day at a Time (TV Series 2017– ) - IMDb
,Why We Hate (TV Series 2019– ) - IMDb
,Inside Bill's Brain: Decoding Bill Gates (TV Mini-Series 2019) - IMDb
,The Conners (TV Series 2018– ) - IMDb
,Abstract: The Art of Design (TV Series 2017– ) - IMDb
,Godfather of Harlem (TV Series 2019– ) - IMDb
,Hollywood (TV Mini-Series 2020) - IMDb
,
,
,
,Create Together (TV Series 2020– ) - IMDb
,The Line (2019) - IMDb
,The 42nd Annual Kennedy Center Honors (2019) - IMDb
,Primal (TV Series 2019– ) - IMDb
,Cosmos: Possible Worlds (TV Mini-Series 2020– ) - IMDb
,Mr. Robot (TV Series 2015–2019) - IMDb
,America's Got Talent (TV Series 2006– ) - IMDb
,
,
,
,
,
,
,Archer (TV Series 2009– ) - IMDb
,
,
,
,
,
,
,
,
,
,
,
,
,
,
,
,
,
,
,
,
,
,
,
,
,
,
,
,
,
,
,
,
,
,
,
,
,
,
,
,
,
,
,
,
,
,
,
,
,
,
,
,
,
,
,
,
,
,
,
,
,
,
,
,
,
,
,
,
,
,
,
,
,
,
,
,
,
,
,
,
,
,
,
,
,
,
,
,
,
,
,
,
,
,
,
,
,
,
,
,
,
,
,
,
,
,
,
,
,
,
,
,
,
,
,
,
,
,
,
,
,
,
,
,
,
,
,
,
,
,
,
,
,
,
,
,
,
,
,
,
,
,
,
,
,
,
,
,
,
,
,
,
,
,
,
,
,
,
,
,
,
,
,
,
,
,
,
,
,
,
,
,
,
,
,
,
,
,
,
,
,
,
,
,
,
,
,
,
,
,
,
,
,
,
,
,
,
,
,
,
,
,
,
,
,
,
,
,
,
,
,
,
,
,
,
,
,
,
,
,
,
,
,
,
,
,
,
,
,
,
,
,Carnival Row (TV Series 2019– ) - IMDb
,
,The Great Hack (2019) - IMDb
,Laurel Canyon (TV Series 2020– ) - IMDb
,The Apollo (2019) - IMDb
,The 62nd Annual Grammy Awards (2020) - IMDb
,Tiffany Haddish Presents: They Ready (TV Series 2019– ) - IMDb
,Beastie Boys Story (2020) - IMDb
,
,
,
,
,The Little Mermaid Live! (TV Movie 2019) - IMDb
,A Celebration of the Music from Coco (2020) - IMDb
,Lego Masters (TV Series 2020– ) - IMDb
,
,
,
,
,
,
,Dancing with the Stars (TV Series 2005– ) - IMDb
,The Politician (TV Series 2019– ) - IMDb
,Grace and Frankie (TV Series 2015– ) - IMDb
,Euphoria (TV Series 2019– ) - IMDb
,Black-ish (TV Series 2014– ) - IMDb
,Mindhunter (TV Series 2017– ) - IMDb
,Tales from the Loop (TV Series 2020– ) - IMDb
,Westworld (TV Series 2016– ) - IMDb
,This Is Us (TV Series 2016– ) - IMDb
,
,
,
,
,
,
,
,Life Below Zero (TV Series 2013– ) - IMDb
,Serengeti (TV Mini-Series 2019– ) - IMDb
,Queer Eye: We're in Japan! (TV Series 2019– ) - IMDb
,The End of the F***ing World (TV Series 2017–2019) - IMDb
,Homecoming (TV Series 2018– ) - IMDb
,
,
,
,
,
,Survivor (TV Series 2000– ) - IMDb
